Domain,Status,Attractiveness,Demand,Length,Sectors,Created,Expires,Registrar
one.men,expiring,132,43%,3,"Business,General,Media,Technology",26/08/2022 09:33,26/08/2025 09:33,united-domains GmbH
brief.men,available,124,19%,5,"Business,Education,General,Law",,,
complete.men,available,120,21%,8,"Manufacturing,Retail,Technology",,,
second.men,resell,120,23%,6,"General,Mathematics",02/01/2017 04:03,02/01/2026 04:03,"Chengdu West Dimension Digital Technology Co., Ltd."
wizard.men,available,118,42%,6,"Entertainment,Media,Technology",,,
flat.men,available,116,23%,4,"Construction,Real Estate",,,
equal.men,available,116,19%,5,"Education,General,Law",,,
tenth.men,available,116,7%,5,Mathematics,,,
hotshot.men,available,112,14%,7,"Business,Entertainment,Sports",,,
above.men,available,112,22%,5,Business,,,
acute.men,available,112,9%,5,"Mathematics,Medicine,Science",,,
zero.men,available,112,49%,4,Mathematics,,,
abstract.men,available,108,29%,8,"Arts,Humanities,Science",,,
abiding.men,available,106,5%,7,"General,Religion",,,
teen.men,available,104,14%,4,"Education,Entertainment,Healthcare",,,
active.men,available,104,27%,6,"Health and Fitness,Sports,Travel",,,
expert.men,available,104,26%,6,"Business,Education,Technology",,,
eight.men,resell,102,23%,5,"General,Mathematics",01/03/2018 02:48,01/03/2029 02:48,"Global Domains International, Inc. DBA DomainCostClub.com"
captive.men,available,102,14%,7,"Entertainment,Hospitality,Technology",,,
extra.men,expired,102,26%,5,"Fashion,Retail,Technology",29/07/2016 19:11,29/07/2025 19:11,Porkbun
absent.men,available,102,8%,6,"Business,Education,Technology",,,
abrupt.men,available,100,3%,6,"Medicine,Science",,,
sixth.men,available,100,8%,5,Mathematics,,,
remove.men,available,100,13%,6,"Construction,Manufacturing,Technology",,,
third.men,available,100,15%,5,Mathematics,,,
ninth.men,available,100,9%,5,Mathematics,,,
whiz.men,available,100,12%,4,"Business,Education,Technology",,,
crack.men,available,100,20%,5,Sports,,,
eighth.men,available,100,6%,6,Mathematics,,,
adjunct.men,available,100,5%,7,Education,,,
whizz.men,available,98,11%,5,"Business,Education,Technology",,,
genius.men,available,98,46%,6,"Arts,Education,Technology",,,
actual.men,available,96,22%,6,"Real Estate,Retail,Technology",,,
alamode.men,available,96,12%,9,Fashion,,,
forgiving.men,available,96,3%,9,"Healthcare,Religion",,,
academic.men,resell,96,20%,8,"Education,Humanities,Science",05/06/2016 19:26,05/06/2026 19:26,Dynadot Inc
doable.men,available,96,9%,6,"Business,Education,Technology",,,
about.men,available,94,28%,5,"Business,General,Media,Technology",,,
adequate.men,available,94,9%,8,"Education,Healthcare,Technology",,,
abject.men,available,94,7%,6,Humanities,,,
virtuoso.men,available,94,16%,8,"Arts,Entertainment",,,
around.men,available,94,22%,6,"Business,General,Media,Technology",,,
twentieth.men,available,92,3%,9,Mathematics,,,
neutral.men,available,92,20%,7,"Business,Media,Politics",,,
abroad.men,available,92,12%,6,"Hospitality,Travel",,,
nought.men,available,92,4%,6,Mathematics,,,
adjective.men,available,92,5%,9,Education,,,
derelict.men,available,92,7%,8,"Construction,Real Estate",,,
exemplary.men,available,92,5%,9,"Business,Education,Healthcare",,,
adept.men,available,92,24%,5,"Education,Health and Fitness,Sports",,,
gripping.men,available,90,3%,8,"Entertainment,Media,Technology",,,
endearing.men,available,90,1%,9,"Entertainment,Fashion,Retail",,,
leash.men,available,90,7%,5,"General,Health and Fitness,Retail",,,
abortive.men,available,90,1%,8,"Medicine,Science",,,
clear.men,resell,90,47%,5,"Manufacturing,Retail,Technology",03/07/2022 13:36,03/07/2026 13:36,Porkbun
additional.men,available,90,8%,10,"Fashion,Retail,Technology",,,
riveting.men,available,90,6%,8,"Entertainment,Media,Technology",,,
addictive.men,available,90,9%,9,Healthcare,,,
adoring.men,available,90,2%,7,"Entertainment,Fashion,Retail",,,
fifteen.men,available,88,13%,7,Mathematics,,,
ten.men,available,88,27%,3,"General,Mathematics",,,
proficient.men,available,88,8%,10,"Education,Health and Fitness,Sports",,,
activist.men,available,88,12%,8,"Humanities,Politics",,,
twelve.men,available,88,18%,6,"General,Mathematics",,,
ace.men,available,88,34%,3,Sports,,,
hundred.men,available,88,13%,7,Mathematics,,,
sixteen.men,available,88,10%,7,Mathematics,,,
wide.men,available,88,18%,4,"Business,Media,Technology",,,
actionable.men,available,88,13%,10,"Business,Law",,,
eleven.men,available,88,32%,6,Mathematics,,,
adlib.men,available,88,7%,6,Entertainment,,,
three.men,resell,88,23%,5,Mathematics,26/10/2016 05:41,26/10/2026 05:41,"Chengdu West Dimension Digital Technology Co., Ltd."
xiv.men,available,86,12%,3,Mathematics,,,
attendant.men,available,86,5%,9,"Healthcare,Hospitality,Transportation",,,
cipher.men,available,86,29%,6,Mathematics,,,
engrossing.men,available,86,0%,10,"Entertainment,Media,Technology",,,
aboriginal.men,available,86,10%,10,Humanities,,,
star.men,available,86,40%,4,"Entertainment,Media,Sports",,,
intent.men,available,86,25%,6,"Business,Education,Technology",,,
adolescent.men,available,86,3%,10,"Education,Entertainment,Healthcare",,,
extempore.men,available,86,3%,9,Entertainment,,,
recondite.men,available,86,4%,9,"Arts,Humanities,Science",,,
twentytwo.men,available,84,10%,10,Mathematics,,,
thousand.men,available,84,8%,8,Mathematics,,,
seventeen.men,available,84,7%,9,Mathematics,,,
acting.men,available,84,12%,6,Entertainment,,,
nineteen.men,available,84,8%,8,Mathematics,,,
deviate.men,available,84,12%,7,"Medicine,Science",,,
fourteen.men,available,84,8%,8,Mathematics,,,
twentyone.men,available,84,13%,10,Mathematics,,,
accessory.men,available,84,8%,9,"Fashion,Retail,Technology",,,
adjustable.men,available,84,3%,10,"Manufacturing,Retail,Technology",,,
thirteen.men,available,84,10%,8,Mathematics,,,
grand.men,available,84,25%,5,"Finance,General",,,
abenaki.men,available,82,2%,7,Geography,,,
fivesome.men,available,82,1%,8,Sports,,,
altered.men,available,82,9%,7,"Medicine,Science",,,
decade.men,available,82,10%,6,Mathematics,,,
abkhaz.men,available,82,1%,6,Geography,,,
absorbent.men,available,82,3%,9,"Healthcare,Manufacturing,Retail",,,
abroach.men,available,82,1%,7,Food and Beverage,,,
abdominal.men,available,82,1%,9,"Health and Fitness,Medicine",,,
enduring.men,available,82,9%,8,"Health and Fitness,Religion",,,
cleansing.men,available,82,3%,9,Health and Fitness,,,
good.men,available,82,47%,4,"Food and Beverage,General,Health and Fitness,Retail",,,
impromptu.men,available,82,16%,9,Entertainment,,,
seventh.men,available,80,10%,7,Mathematics,,,
twenty.men,available,80,12%,6,Mathematics,,,
absolute.men,available,80,25%,8,"Engineering,Mathematics,Science",,,
two.men,available,80,23%,3,Mathematics,,,
wiz.men,available,80,30%,3,"Business,Education,Technology",,,
yard.men,available,80,25%,4,"Construction,General",,,
sequent.men,available,80,7%,7,"Healthcare,Insurance,Transportation",,,
first.men,available,80,34%,5,"General,Mathematics",,,
superstar.men,available,80,18%,9,Entertainment,,,
absurd.men,available,80,16%,6,"Arts,Entertainment,Media",,,
able.men,available,80,29%,4,"Business,Education,General,Technology",,,
dorsal.men,available,80,6%,6,"Medicine,Science",,,
nine.men,available,80,24%,4,"General,Mathematics",,,
adoptable.men,available,80,3%,9,"Education,Healthcare",,,
absorbable.men,available,80,0%,10,"Healthcare,Pharmaceuticals,Science",,,
abundant.men,available,80,19%,8,"Agriculture,Manufacturing,Retail",,,
capable.men,available,80,12%,7,"Business,Education,Technology",,,
worshipful.men,available,80,1%,10,"Education,Healthcare,Religion",,,
trio.men,available,80,21%,4,Entertainment,,,
forty.men,available,80,9%,5,Mathematics,,,
dormant.men,available,78,4%,7,"Medicine,Science",,,
abkhazian.men,available,78,1%,9,Geography,,,
abkhasian.men,available,78,1%,9,Geography,,,
recognized.men,available,78,3%,10,"Business,Education,Technology",,,
athletic.men,available,78,15%,8,"Health and Fitness,Sports",,,
acceptable.men,available,78,5%,10,"Business,Hospitality,Retail",,,
abounding.men,available,78,2%,9,Agriculture,,,
accepted.men,available,78,6%,8,"Business,Education,Technology",,,
low.men,available,78,20%,3,"Business,Finance",,,
acceptant.men,available,78,1%,9,"Education,Healthcare",,,
honestly.men,available,78,9%,8,"Business,Law",,,
recognised.men,available,78,3%,10,"Business,Education,Technology",,,
twentysix.men,available,78,8%,10,Mathematics,,,
accessible.men,available,78,21%,10,"Healthcare,Retail,Technology",,,
adrenal.men,available,78,4%,7,"Education,Healthcare,Science",,,
adjacent.men,available,78,9%,8,"Construction,Real Estate,Retail",,,
sixtynine.men,available,78,8%,10,Mathematics,,,
accidental.men,available,78,11%,10,"Healthcare,Insurance,Transportation",,,
absorptive.men,available,78,1%,10,"Healthcare,Manufacturing,Retail",,,
accurate.men,available,78,16%,8,"Engineering,Mathematics,Science",,,
adorable.men,available,78,8%,8,"Entertainment,Fashion,Retail",,,
ancillary.men,available,76,6%,9,"Healthcare,Manufacturing,Technology",,,
fourteenth.men,available,76,2%,10,Mathematics,,,
threed.men,available,76,7%,7,Technology,,,
fifteenth.men,available,76,2%,9,Mathematics,,,
firstrate.men,available,76,6%,10,Business,,,
adhesive.men,available,76,7%,8,"Construction,Manufacturing,Technology",,,
ventral.men,available,76,3%,7,Science,,,
auxiliary.men,available,76,7%,9,"Healthcare,Manufacturing,Technology",,,
adipose.men,available,76,2%,7,"Healthcare,Science",,,
addable.men,available,76,2%,7,"Engineering,Mathematics,Science",,,
ague.men,available,76,2%,4,"Geography,Medicine,Science",,,
eighteen.men,available,76,7%,8,Mathematics,,,
hundredth.men,available,76,1%,9,Mathematics,,,
abrasive.men,available,76,6%,8,"Construction,Manufacturing",,,
resultant.men,available,76,2%,9,"Healthcare,Insurance,Transportation",,,
nineteenth.men,available,76,3%,10,Mathematics,,,
thousandth.men,available,76,1%,10,Mathematics,,,
adaptive.men,available,76,28%,8,"Business,Education,Technology",,,
incidental.men,available,76,4%,10,"Healthcare,Insurance,Transportation",,,
adaptable.men,available,76,9%,9,"Business,Education,Technology",,,
obscene.men,available,76,5%,7,"Entertainment,Media",,,
improvise.men,available,76,4%,9,Entertainment,,,
thirteenth.men,available,76,3%,10,Mathematics,,,
adherent.men,available,76,4%,8,"Politics,Religion",,,
energizing.men,available,76,3%,10,"Food and Beverage,Health and Fitness,Travel",,,
sensation.men,available,74,7%,9,"Entertainment,Media,Sports",,,
adenoid.men,available,74,1%,7,"Health and Fitness,Medicine,Science",,,
achievable.men,available,74,4%,10,"Business,Education,Technology",,,
adapted.men,available,74,6%,7,"Healthcare,Manufacturing,Technology",,,
acuate.men,available,74,2%,6,"Engineering,Medicine,Science",,,
activated.men,available,74,9%,9,"Healthcare,Manufacturing,Technology",,,
skilful.men,available,74,3%,7,"Education,Health and Fitness,Sports",,,
playing.men,available,74,12%,7,Entertainment,,,
abnormal.men,available,74,16%,8,"Medicine,Science",,,
single.men,available,74,19%,6,Sports,,,
manageable.men,available,74,4%,10,"Business,Education,Technology",,,
supra.men,available,74,25%,5,"Medicine,Science",,,
aberrant.men,available,74,6%,8,"Medicine,Science",,,
broad.men,available,74,13%,5,"Entertainment,General,Media",,,
adrenergic.men,available,74,1%,10,"Education,Healthcare,Science",,,
admirable.men,available,74,5%,9,"Business,Education,Healthcare",,,
mavin.men,available,74,7%,5,"Entertainment,Fashion,Technology",,,
realizable.men,available,74,1%,10,"Business,Education,Technology",,,
accepting.men,available,74,3%,9,"Education,Healthcare",,,
cleared.men,available,74,7%,7,"Healthcare,Law,Transportation",,,
adamant.men,available,74,14%,7,Religion,,,
deep.men,available,72,41%,4,"Engineering,Mathematics,Science",,,
abloom.men,available,72,5%,6,Agriculture,,,
ninetieth.men,available,72,1%,9,Mathematics,,,
trey.men,available,72,13%,4,Sports,,,
addicted.men,available,72,9%,8,Healthcare,,,
adjunctive.men,available,72,1%,10,"Healthcare,Manufacturing,Technology",,,
sixtieth.men,available,72,1%,8,Mathematics,,,
seventieth.men,available,72,1%,10,Mathematics,,,
abreast.men,available,72,2%,7,"Business,Technology",,,
ternary.men,available,72,7%,7,Mathematics,,,
adjectival.men,available,72,1%,10,Education,,,
engrossed.men,available,72,1%,9,"Entertainment,Media,Technology",,,
lovely.men,available,72,26%,6,"Entertainment,Fashion,Retail",,,
aching.men,available,72,4%,6,Healthcare,,,
accusative.men,available,72,0%,10,"Humanities,Law",,,
ablaze.men,available,72,6%,6,Entertainment,,,
absolutist.men,available,72,1%,10,"Humanities,Law,Politics",,,
eightieth.men,available,72,1%,9,Mathematics,,,
improvize.men,available,72,1%,9,Entertainment,,,
adaptative.men,available,72,1%,10,"Business,Education,Technology",,,
absorbed.men,available,72,2%,8,"Entertainment,Media,Technology",,,
champion.men,available,72,28%,8,"Entertainment,Health and Fitness,Sports",,,
adiabatic.men,available,72,3%,9,"Engineering,Science",,,
liv.men,available,72,28%,3,Mathematics,,,
accustomed.men,available,72,1%,10,"Business,Education,Humanities",,,
trinity.men,available,72,18%,7,Religion,,,
existent.men,available,72,3%,8,"Mathematics,Science",,,
adonic.men,available,72,2%,6,"Arts,Education,Entertainment",,,
lowdown.men,available,70,6%,8,"Entertainment,Media",,,
adjusted.men,available,70,5%,8,"Manufacturing,Retail,Technology",,,
abradant.men,available,70,1%,8,"Construction,Manufacturing",,,
unity.men,available,70,38%,5,Mathematics,,,
tiptop.men,available,70,24%,6,Fashion,,,
acuminate.men,available,70,1%,9,"Engineering,Medicine,Science",,,
practiced.men,available,70,3%,9,"Education,Health and Fitness,Sports",,,
gymnastic.men,resell,70,3%,9,"Entertainment,Sports",06/06/2016 00:35,06/06/2026 00:35,Dynadot Inc
adamantine.men,available,70,4%,10,Religion,,,
adored.men,available,70,6%,6,"Entertainment,Fashion,Retail",,,
abulic.men,available,70,1%,6,Medicine,,,
accumbent.men,available,70,1%,9,"Healthcare,Medicine,Science",,,
skillful.men,available,70,9%,8,"Education,Health and Fitness,Sports",,,
consequent.men,available,70,3%,10,"Business,Education,General,Technology",,,
stillborn.men,available,70,2%,9,"Medicine,Science",,,
offhand.men,available,70,2%,7,Entertainment,,,
recumbent.men,available,70,2%,9,"Healthcare,Medicine,Science",,,
absorbing.men,available,70,3%,9,"Entertainment,Media,Technology",,,
abkhas.men,available,68,0%,6,Geography,,,
foursome.men,available,68,4%,8,Sports,,,
licensed.men,available,68,5%,8,"Business,Healthcare,Insurance",,,
threesome.men,available,68,5%,9,Entertainment,,,
disciple.men,available,68,14%,8,"Education,Religion",,,
scurvy.men,available,68,3%,6,Humanities,,,
stygian.men,available,68,5%,7,Humanities,,,
aberdonian.men,available,68,1%,10,Geography,,,
abnaki.men,available,68,1%,6,Geography,,,
ablative.men,available,68,3%,8,Science,,,
overseas.men,available,68,12%,8,"Hospitality,Travel",,,
fortieth.men,available,68,1%,8,Mathematics,,,
septenary.men,available,68,2%,9,Mathematics,,,
aroused.men,available,68,3%,7,"Entertainment,Health and Fitness",,,
acerate.men,available,68,1%,7,Science,,,
abducent.men,available,68,0%,8,Medicine,,,
octonary.men,available,68,1%,8,Mathematics,,,
accredited.men,available,68,9%,10,"Business,Education,Healthcare",,,
ennead.men,available,68,5%,6,Mathematics,,,
thirtieth.men,available,68,1%,9,Mathematics,,,
achaean.men,available,68,2%,7,Humanities,,,
licenced.men,available,68,2%,8,"Business,Healthcare,Insurance",,,
vindicated.men,available,68,2%,10,"Humanities,Law,Politics",,,
achaian.men,available,68,2%,7,Humanities,,,
sevener.men,available,68,1%,7,Mathematics,,,
activating.men,available,68,3%,10,"Healthcare,Manufacturing,Technology",,,
aculeate.men,available,68,1%,8,"Engineering,Medicine,Science",,,
ane.men,available,68,12%,3,Mathematics,,,
fiftieth.men,available,68,1%,8,Mathematics,,,
thirty.men,available,66,7%,6,Mathematics,,,
xxii.men,available,66,6%,4,Mathematics,,,
maven.men,available,66,30%,5,"Entertainment,Fashion,Technology",,,
tenner.men,available,66,4%,6,Finance,,,
sextet.men,available,66,2%,6,Entertainment,,,
deuce.men,available,66,8%,5,Sports,,,
buzzing.men,available,66,7%,7,"Entertainment,Media,Technology",,,
acrobatic.men,available,66,4%,9,"Entertainment,Sports",,,
xxv.men,available,66,6%,3,Mathematics,,,
abstinent.men,available,66,1%,9,"Health and Fitness,Religion",,,
four.men,available,66,27%,4,Mathematics,,,
six.men,available,66,26%,3,Mathematics,,,
according.men,available,66,3%,9,"Business,Education,Technology",,,
onec.men,available,66,6%,5,Mathematics,,,
xvi.men,available,66,4%,3,Mathematics,,,
fifty.men,available,66,13%,5,Mathematics,,,
exonerated.men,available,66,2%,10,"Humanities,Law,Politics",,,
performing.men,available,66,6%,10,Entertainment,,,
xiii.men,available,66,9%,4,Mathematics,,,
century.men,available,66,17%,7,Education,,,
teenager.men,available,66,4%,8,"Education,Entertainment,Healthcare",,,
xviii.men,available,66,4%,5,Mathematics,,,
accessary.men,available,66,1%,9,"Business,Law,Technology",,,
acappella.men,available,66,6%,10,Entertainment,,,
adorned.men,available,66,5%,7,"Entertainment,Fashion,Retail",,,
eighty.men,available,66,6%,6,Mathematics,,,
acervate.men,available,66,1%,8,Science,,,
xii.men,available,66,10%,3,Mathematics,,,
ninety.men,available,66,11%,6,Mathematics,,,
clv.men,available,66,10%,3,Mathematics,,,
xxvi.men,resell,66,3%,4,Mathematics,29/12/2017 07:30,29/12/2027 07:30,West263 International Limited
modish.men,available,66,5%,6,Fashion,,,
xvii.men,available,66,5%,4,Mathematics,,,
xxi.men,available,66,10%,3,Mathematics,,,
adopted.men,available,66,4%,7,"Education,Healthcare",,,
five.men,available,66,26%,4,Mathematics,,,
deviant.men,available,64,12%,7,"Medicine,Science",,,
ccc.men,available,64,38%,3,Mathematics,,,
acentric.men,available,64,2%,8,Science,,,
aflame.men,available,64,3%,6,Entertainment,,,
scatty.men,available,64,1%,6,"Arts,Entertainment,Media",,,
accordant.men,available,64,3%,9,"Arts,Entertainment",,,
astringent.men,available,64,1%,10,"Healthcare,Pharmaceuticals",,,
rising.men,available,64,18%,6,"Construction,Manufacturing,Real Estate",,,
absolved.men,available,64,1%,8,"Humanities,Law,Religion",,,
adagio.men,available,64,14%,6,Entertainment,,,
nondrinker.men,available,64,1%,10,"Health and Fitness,Religion",,,
eighteenth.men,available,62,1%,10,Mathematics,,,
nail.men,available,62,16%,4,"Construction,Fashion,General,Retail",,,
aufait.men,available,62,3%,7,"Fashion,Media",,,
abo.men,available,62,15%,3,Science,,,
accusing.men,available,62,1%,8,Law,,,
accrued.men,available,62,2%,7,"Banking,Finance,Insurance",,,
sixteenth.men,available,62,1%,9,Mathematics,,,
orso.men,available,62,9%,5,"Business,Media,Technology",,,
wrapped.men,available,62,13%,7,"Fashion,Hospitality,Retail",,,
exculpated.men,available,62,1%,10,"Humanities,Law,Politics",,,
acidic.men,available,62,5%,6,"Food and Beverage,Science",,,
fortyfour.men,available,62,6%,10,Mathematics,,,
adoptive.men,available,62,1%,8,"Education,Healthcare",,,
admissible.men,available,62,1%,10,"Education,Healthcare,Law",,,
twodozen.men,available,62,1%,9,Mathematics,,,
activistic.men,available,62,1%,10,"Humanities,Politics",,,
aborigine.men,available,62,1%,9,Humanities,,,
adjuvant.men,available,62,5%,8,"Healthcare,Manufacturing,Technology",,,
playacting.men,available,62,1%,10,Entertainment,,,
troika.men,available,62,8%,6,Politics,,,
pungent.men,available,62,1%,7,Food and Beverage,,,
cumulative.men,available,62,2%,10,"Banking,Finance,Insurance",,,
quartet.men,available,62,7%,7,"Arts,Entertainment",,,
activation.men,available,62,16%,10,"Healthcare,Manufacturing,Technology",,,
roughly.men,available,62,3%,7,"Business,Media,Technology",,,
chiliad.men,available,62,2%,7,Mathematics,,,
ensuant.men,available,62,1%,7,"Healthcare,Insurance,Transportation",,,
longdozen.men,available,62,1%,10,Mathematics,,,
eleventh.men,available,62,5%,8,Mathematics,,,
clxxx.men,available,60,1%,5,Mathematics,,,
thou.men,available,60,7%,4,Mathematics,,,
clxxv.men,available,60,1%,5,Mathematics,,,
aboveboard.men,available,60,5%,10,"Business,Law",,,
abashed.men,available,60,1%,7,Humanities,,,
adnexal.men,available,60,1%,7,"Agriculture,Manufacturing,Retail",,,
cxx.men,available,60,9%,3,Mathematics,,,
cautionary.men,available,60,1%,10,"Business,Education,Healthcare",,,
octet.men,available,60,12%,5,Arts,,,
adnate.men,available,60,1%,6,"Agriculture,Manufacturing,Retail",,,
cxxx.men,available,60,3%,4,Mathematics,,,
clxv.men,available,60,1%,4,Mathematics,,,
cxlv.men,available,60,2%,4,Mathematics,,,
cxv.men,available,60,4%,3,Mathematics,,,
idolized.men,available,60,3%,8,"Entertainment,Fashion,Retail",,,
cxxv.men,available,60,1%,4,Mathematics,,,
idolised.men,available,60,1%,8,"Entertainment,Fashion,Retail",,,
tertiary.men,available,60,4%,8,Education,,,
paunchy.men,available,60,0%,7,"Health and Fitness,Medicine",,,
eightysix.men,available,60,7%,10,Mathematics,,,
abstainer.men,available,60,0%,9,"Health and Fitness,Religion",,,
sixty.men,available,60,13%,5,Mathematics,,,
clxx.men,available,60,2%,4,Mathematics,,,
clx.men,available,60,8%,3,Mathematics,,,
acceptive.men,available,60,1%,9,"Education,Healthcare",,,
annexal.men,available,60,1%,7,"Agriculture,Manufacturing,Retail",,,
xcl.men,available,60,5%,3,Mathematics,,,
abstemious.men,available,60,0%,10,"Food and Beverage,Health and Fitness,Hospitality",,,
cxxxv.men,available,60,1%,5,Mathematics,,,
cxl.men,available,60,7%,3,Mathematics,,,
tercet.men,available,59,2%,6,"Arts,Entertainment,Media",,,
accretive.men,available,58,6%,9,"Banking,Finance,Insurance",,,
ache.men,available,58,7%,4,Healthcare,,,
abuzz.men,available,58,5%,5,"Entertainment,Media,Technology",,,
lxxx.men,available,58,2%,4,Mathematics,,,
accented.men,available,58,3%,8,"Arts,Entertainment",,,
actuarial.men,available,58,8%,9,"Finance,Insurance,Mathematics",,,
sixtyone.men,available,58,5%,9,Mathematics,,,
niner.men,available,58,5%,5,Mathematics,,,
addible.men,available,58,2%,7,"Engineering,Mathematics,Science",,,
acetic.men,available,58,1%,6,"Food and Beverage,Science",,,
pentad.men,available,58,3%,6,Mathematics,,,
lxxviii.men,available,58,1%,7,Mathematics,,,
twelfth.men,available,58,2%,7,Mathematics,,,
enwrapped.men,available,58,0%,9,"Entertainment,Fashion,Media",,,
linear.men,available,58,22%,6,"Engineering,Mathematics,Science",,,
sixer.men,available,58,5%,5,Sports,,,
accoutred.men,available,58,1%,9,"Fashion,Manufacturing,Retail",,,
heptad.men,available,58,2%,6,Mathematics,,,
fourth.men,available,58,13%,6,Mathematics,,,
super.men,available,58,47%,5,Business,,,
seven.men,available,58,35%,5,Mathematics,,,
quintet.men,available,58,8%,7,"Arts,Entertainment",,,
eighter.men,available,58,2%,7,Mathematics,,,
octad.men,available,58,5%,5,Mathematics,,,
abandoned.men,available,58,10%,9,"Construction,Real Estate",,,
adjustive.men,available,58,1%,9,"Manufacturing,Retail,Technology",,,
abused.men,available,58,5%,6,"Healthcare,Law",,,
adient.men,available,58,4%,6,"Medicine,Science",,,
abridged.men,available,58,4%,8,Media,,,
sextuplet.men,available,58,1%,9,Healthcare,,,
centesimal.men,available,58,1%,10,Mathematics,,,
offhanded.men,available,58,1%,9,Entertainment,,,
seventy.men,available,58,7%,7,Mathematics,,,
fourscore.men,available,58,4%,9,Mathematics,,,
cypher.men,available,58,28%,6,Mathematics,,,
alacarte.men,available,58,11%,10,Food and Beverage,,,
acyclic.men,available,58,4%,7,"Engineering,Mathematics,Science",,,
addressed.men,available,58,3%,9,"Business,Technology,Telecommunications",,,
hexad.men,available,58,5%,5,Mathematics,,,
justabout.men,available,58,3%,10,"Business,Media,Technology",,,
closeto.men,available,58,3%,8,"Business,Media,Technology",,,
adhoc.men,available,58,24%,6,"Business,Engineering,Technology",,,
tetrad.men,available,58,5%,6,Mathematics,,,
aucourant.men,available,58,3%,10,"Fashion,Media",,,
lviii.men,available,56,1%,5,Mathematics,,,
fortysix.men,available,56,4%,9,Mathematics,,,
fortytwo.men,available,56,17%,9,Mathematics,,,
xxxiii.men,available,56,2%,6,Mathematics,,,
xxxvi.men,available,56,1%,5,Mathematics,,,
xxiv.men,available,56,5%,4,Mathematics,,,
xxxv.men,available,56,4%,4,Mathematics,,,
abdominous.men,available,56,0%,10,"Health and Fitness,Medicine",,,
triad.men,available,56,15%,5,Arts,,,
xliv.men,available,56,3%,4,Mathematics,,,
halfdozen.men,available,56,1%,10,Mathematics,,,
appressed.men,available,56,0%,9,"Agriculture,Manufacturing,Retail",,,
fiftyfour.men,available,56,4%,10,Mathematics,,,
xxxviii.men,available,56,1%,7,Mathematics,,,
xxix.men,available,56,4%,4,Mathematics,,,
fiftyfive.men,available,56,8%,10,Mathematics,,,
admittible.men,available,56,1%,10,"Education,Healthcare,Hospitality",,,
lii.men,available,56,7%,3,Mathematics,,,
admissive.men,available,56,1%,9,"Education,Healthcare,Hospitality",,,
xliii.men,available,56,1%,5,Mathematics,,,
liii.men,available,56,4%,4,Mathematics,,,
accoutered.men,available,56,0%,10,"Fashion,Manufacturing,Retail",,,
lvi.men,available,56,8%,3,Mathematics,,,
xli.men,available,56,5%,3,Mathematics,,,
xxxiv.men,available,56,1%,5,Mathematics,,,
xlv.men,available,56,6%,3,Mathematics,,,
maledict.men,available,56,1%,8,Religion,,,
xlvi.men,available,56,3%,4,Mathematics,,,
xxviii.men,available,56,1%,6,Mathematics,,,
aone.men,available,56,15%,5,Food and Beverage,,,
fortyone.men,available,56,5%,9,Mathematics,,,
xlvii.men,available,56,2%,5,Mathematics,,,
ilx.men,available,56,6%,3,Mathematics,,,
lvii.men,available,56,2%,4,Mathematics,,,
xxvii.men,available,56,3%,5,Mathematics,,,
xxxii.men,available,56,1%,5,Mathematics,,,
fiftyone.men,available,56,8%,9,Mathematics,,,
fiftytwo.men,available,56,6%,9,Mathematics,,,
thirtytwo.men,available,56,4%,10,Mathematics,,,
xlii.men,available,56,5%,4,Mathematics,,,
potbellied.men,available,56,0%,10,"Health and Fitness,Medicine",,,
xxxvii.men,available,56,2%,6,Mathematics,,,
xlviii.men,available,56,1%,6,Mathematics,,,
fiftynine.men,available,56,4%,10,Mathematics,,,
xxiii.men,available,56,4%,5,Mathematics,,,
addled.men,available,56,2%,6,Entertainment,,,
thirtyone.men,available,56,4%,10,Mathematics,,,
terzetto.men,available,56,3%,8,Arts,,,
admittable.men,available,56,1%,10,"Education,Healthcare,Hospitality",,,
fiftysix.men,available,56,4%,9,Mathematics,,,
thirtysix.men,available,56,5%,10,Mathematics,,,
fortynine.men,available,56,3%,10,Mathematics,,,
abeyant.men,available,56,1%,7,"Business,Law",,,
ternion.men,available,54,3%,7,Mathematics,,,
monitory.men,available,54,3%,8,"Business,Education,Healthcare",,,
deuceace.men,available,54,1%,9,Sports,,,
aboral.men,available,54,2%,6,Science,,,
adductive.men,available,54,0%,9,"Engineering,Mathematics,Science",,,
abaxial.men,available,54,1%,7,Science,,,
abatic.men,available,54,1%,6,Science,,,
quatern.men,available,54,2%,7,Mathematics,,,
adpressed.men,available,54,0%,9,"Agriculture,Manufacturing,Retail",,,
deserted.men,available,54,3%,8,"Hospitality,Real Estate",,,
twoscore.men,available,54,2%,8,Mathematics,,,
sise.men,available,54,5%,4,Mathematics,,,
adducting.men,available,54,1%,9,"Engineering,Mathematics,Science",,,
abasic.men,available,54,1%,6,Science,,,
vii.men,available,54,13%,3,Mathematics,,,
acoustical.men,available,54,4%,10,Science,,,
achy.men,available,54,3%,4,Healthcare,,,
adducent.men,available,54,1%,8,"Engineering,Mathematics,Science",,,
actuated.men,available,54,2%,8,"Automotive,Manufacturing,Technology",,,
accentual.men,available,54,3%,9,"Arts,Entertainment",,,
viii.men,available,54,6%,4,Mathematics,,,
adjuratory.men,available,54,0%,10,"Law,Politics,Religion",,,
topnotch.men,available,54,18%,8,Business,,,
abducens.men,available,54,1%,8,Medicine,,,
achromatic.men,available,54,4%,10,Science,,,
admonitory.men,available,54,0%,10,"Business,Education,Healthcare",,,
fin.men,available,54,30%,3,Finance,,,
quadruplet.men,available,54,1%,10,"Healthcare,Medicine,Science",,,
abatable.men,available,54,1%,8,Law,,,
adaxial.men,available,54,2%,7,Science,,,
abient.men,available,54,1%,6,Science,,,
abhorrent.men,available,54,1%,9,Humanities,,,
fortyfive.men,available,54,5%,10,Mathematics,,,
quaternity.men,available,54,4%,10,Mathematics,,,
unnatural.men,available,54,4%,9,"Medicine,Science",,,
scratchy.men,available,54,3%,8,Fashion,,,
quintuplet.men,available,54,1%,10,"Healthcare,Medicine,Science",,,
threescore.men,available,54,2%,10,Mathematics,,,
quaternion.men,available,54,6%,10,Mathematics,,,
xxx.men,available,53,30%,3,"Arts,Entertainment,Media",,,
sestet.men,available,53,1%,6,Arts,,,
septet.men,available,53,1%,6,General,,,
lxxxv.men,available,52,1%,5,Mathematics,,,
sixtysix.men,available,52,5%,9,Mathematics,,,
lxxii.men,available,52,1%,5,Mathematics,,,
lxiii.men,available,52,2%,5,Mathematics,,,
lxv.men,available,52,5%,3,Mathematics,,,
xcvi.men,available,52,2%,4,Mathematics,,,
xciv.men,available,52,2%,4,Mathematics,,,
xci.men,available,52,4%,3,Mathematics,,,
lxvii.men,available,52,1%,5,Mathematics,,,
ninetyone.men,available,52,5%,10,Mathematics,,,
lxiv.men,available,52,3%,4,Mathematics,,,
detestable.men,available,52,1%,10,Humanities,,,
xcii.men,available,52,2%,4,Mathematics,,,
abusive.men,available,52,3%,7,"Healthcare,Law",,,
lxii.men,available,52,2%,4,Mathematics,,,
eightytwo.men,available,52,4%,10,Mathematics,,,
lxxxvi.men,available,52,1%,6,Mathematics,,,
ixl.men,available,52,9%,3,Mathematics,,,
littlejoe.men,available,52,2%,10,"Entertainment,Media",,,
lxxvii.men,available,52,2%,6,Mathematics,,,
lxxi.men,available,52,2%,4,Mathematics,,,
adenoidal.men,available,52,1%,9,"Health and Fitness,Medicine,Science",,,
abysmal.men,available,52,4%,7,"Arts,Entertainment,Media",,,
lxxxi.men,available,52,1%,5,Mathematics,,,
repulsive.men,available,52,1%,9,Humanities,,,
lxxxiii.men,available,52,1%,7,Mathematics,,,
lxvi.men,available,52,3%,4,Mathematics,,,
decumbent.men,available,52,1%,9,"Healthcare,Medicine,Science",,,
xcvii.men,available,52,1%,5,Mathematics,,,
lxi.men,available,52,5%,3,Mathematics,,,
lxxxvii.men,available,52,1%,7,Mathematics,,,
lxxxiv.men,available,52,1%,6,Mathematics,,,
lxxiv.men,available,52,1%,5,Mathematics,,,
repugnant.men,available,52,1%,9,Humanities,,,
eightyone.men,available,52,3%,10,Mathematics,,,
xcviii.men,available,52,1%,6,Mathematics,,,
ninetytwo.men,available,52,4%,10,Mathematics,,,
lxxvi.men,available,52,1%,5,Mathematics,,,
lxviii.men,available,52,2%,6,Mathematics,,,
lxxiii.men,available,52,2%,6,Mathematics,,,
abominable.men,available,52,2%,10,"Entertainment,Humanities",,,
odious.men,available,52,2%,6,"Entertainment,Humanities",,,
xciii.men,available,52,1%,5,Mathematics,,,
tierce.men,available,52,3%,6,General,,,
xcv.men,available,52,7%,3,Mathematics,,,
lxxv.men,available,52,2%,4,Mathematics,,,
sixtytwo.men,available,52,3%,9,Mathematics,,,
uphill.men,available,52,7%,6,"Sports,Transportation,Travel",,,
ninetysix.men,available,52,4%,10,Mathematics,,,
sixtyfour.men,available,52,4%,10,Mathematics,,,
sixtyfive.men,available,52,3%,10,Mathematics,,,
aboulic.men,available,52,1%,7,Medicine,,,
ixc.men,available,52,5%,3,Mathematics,,,
chagrined.men,available,52,1%,9,Humanities,,,
ablated.men,available,52,1%,7,Science,,,
abstruse.men,available,52,5%,8,"Humanities,Mathematics,Science",,,
lxxxii.men,available,52,1%,6,Mathematics,,,
adhominem.men,available,50,2%,10,"Humanities,Law,Politics",,,
adactylous.men,available,50,0%,10,Science,,,
acapnic.men,available,50,0%,7,"Healthcare,Medicine,Science",,,
acapnotic.men,available,50,0%,9,"Healthcare,Medicine,Science",,,
acaudal.men,available,50,1%,7,"Agriculture,Science",,,
triplet.men,available,50,8%,7,Science,,,
broached.men,available,50,0%,8,Food and Beverage,,,
acquitted.men,available,50,1%,9,Law,,,
abbatial.men,available,50,0%,8,Religion,,,
acellular.men,available,50,1%,9,Science,,,
trine.men,available,50,11%,5,"General,Religion",,,
abranchial.men,available,50,0%,10,Science,,,
acetous.men,available,50,1%,7,Science,,,
scummy.men,available,50,1%,6,Humanities,,,
spinous.men,available,50,1%,7,"Agriculture,Science",,,
aculeated.men,available,50,0%,9,"Engineering,Medicine,Science",,,
needlelike.men,available,50,0%,10,"Engineering,Medicine,Science",,,
acerose.men,available,50,1%,7,Science,,,
quint.men,available,50,13%,5,"Arts,Entertainment",,,
abactinal.men,available,50,0%,9,Science,,,
cinque.men,available,50,7%,6,Mathematics,,,
abducting.men,available,50,0%,9,Medicine,,,
vinegary.men,available,50,1%,8,Food and Beverage,,,
lxx.men,available,50,5%,3,Mathematics,,,
acetose.men,available,50,1%,7,Science,,,
abdicable.men,available,50,0%,9,Law,,,
gillless.men,available,50,0%,9,Science,,,
abomasal.men,available,50,0%,8,Agriculture,,,
aborticide.men,available,50,0%,10,Medicine,,,
acerbic.men,available,50,2%,7,"Arts,Humanities,Media",,,
acerb.men,available,50,2%,5,Science,,,
ogdoad.men,available,50,1%,6,Mathematics,,,
notguilty.men,available,48,5%,10,Law,,,
apriori.men,available,48,13%,8,Mathematics,,,
ilxxx.men,available,48,1%,5,Mathematics,,,
ilxx.men,available,48,1%,4,Mathematics,,,
execrable.men,available,48,0%,9,"Entertainment,Humanities",,,
abyssal.men,available,48,12%,7,"Arts,Entertainment,Media",,,
lxxxviii.men,available,48,1%,8,Mathematics,,,
abstracted.men,available,48,5%,10,"Arts,Humanities,Science",,,
vinegarish.men,available,46,1%,10,Food and Beverage,,,
acheronian.men,available,46,1%,10,Humanities,,,
stemless.men,available,46,2%,8,"Agriculture,Science",,,
acarpous.men,available,46,0%,8,"Agriculture,Science",,,
acapnial.men,available,46,0%,8,"Healthcare,Medicine,Science",,,
quaternary.men,available,46,3%,10,Mathematics,,,
acanthoid.men,available,46,1%,9,"Agriculture,Science",,,
achromic.men,available,46,2%,8,Science,,,
acanthous.men,available,46,0%,9,"Agriculture,Science",,,
cotyloid.men,available,46,1%,8,Science,,,
acicular.men,available,46,2%,8,Science,,,
stripling.men,available,46,2%,9,"Education,Entertainment,Healthcare",,,
acetylic.men,available,46,1%,8,Science,,,
acetabular.men,available,46,1%,10,Science,,,
acanthotic.men,available,46,0%,10,"Agriculture,Science",,,
theabsurd.men,available,46,1%,10,"Arts,Entertainment,Media",,,
achromous.men,available,46,1%,9,Science,,,
acetylenic.men,available,46,1%,10,Science,,,
acaudate.men,available,46,1%,8,"Agriculture,Science",,,
acephalous.men,available,46,1%,10,Science,,,
acetonic.men,available,46,1%,8,Science,,,
acarpelous.men,available,46,0%,10,"Agriculture,Science",,,
achenial.men,available,46,1%,8,Science,,,
acherontic.men,available,44,1%,10,Humanities,,,
cotyloidal.men,available,44,1%,10,Science,,,
accusatory.men,available,44,1%,10,Law,,,
phoebe.men,available,41,14%,6,Science,,,
abscessed.men,available,41,0%,9,Healthcare,,,
accusive.men,available,40,1%,8,Law,,,
accurst.men,available,40,1%,7,Religion,,,
scurrilous.men,available,40,1%,10,"Entertainment,Media,Politics",,,